{"count":1,"self":164.13446399999998,"total":168.0215814,"children":{"InitializeActuators":{"count":19,"self":0.0019944999999999997,"total":0.0019944999999999997,"children":null},"InitializeSensors":{"count":19,"self":0.0019946,"total":0.0019946,"children":null},"AgentSendState":{"count":3760,"self":0.52570169999999994,"total":0.7531304,"children":{"CollectObservations":{"count":3760,"self":0.20249299999999998,"total":0.20249299999999998,"children":null},"WriteActionMask":{"count":3760,"self":0.0039870999999999995,"total":0.0039870999999999995,"children":null},"RequestDecision":{"count":3760,"self":0.020948599999999998,"total":0.020948599999999998,"children":null}}},"DecideAction":{"count":3760,"self":3.0791504,"total":3.101085,"children":{"RayPerceptionSensor.Perceive":{"count":3760,"self":0.0219345,"total":0.0219345,"children":null}}},"AgentAct":{"count":3760,"self":0.0289094,"total":0.0289094,"children":null}},"gauges":{},"metadata":{"timer_format_version":"0.1.0","start_time_seconds":"1679286382","unity_version":"2021.3.16f1","command_line_arguments":"E:\\Program Files\\Unity\\Hub\\Editor\\2021.3.16f1\\Editor\\Unity.exe -projectpath E:\\Git Repo\\Gilded Seekers -useHub -hubIPC -cloudEnvironment production","communication_protocol_version":"1.5.0","com.unity.ml-agents_version":"2.3.0-exp.3","scene_name":"LevelOne","end_time_seconds":"1679286550"}}